year,title,lb_rating,tmdb_rating,genres,runtime_min,budget,revenue,original_language,production_companies,imdb_id,tmdb_id,original_title,tmdb_popularity,vote_count,release_date,overview,production_countries,status,tagline
1946,No Regrets for Our Youth,3.58,6.9,Drama,111.0,0.0,0.0,ja,TOHO,tt0039090,43487.0,わが青春に悔なし,1.7401,84,1946-10-29,"After her anti-fascist professor father is dismissed, Yukie navigates love, political repression, and wartime upheaval—ultimately forging her own path in pre- and post-WWII Japan.",Japan,Released,
1946,Lord for a Night,None,8.0,Drama,112.0,0.0,0.0,ja,TOHO,tt0038308,438367.0,或る夜の殿様,1.0262,1,1946-07-11,"In 1887, two businessmen, Echigo-ya and Kitahara, compete for railroad construction authorization from the government. The minister states that a local noble must not object, and his missing younger brother is the only one who could sway him. Meanwhile, Omitsu, a hotel employee tired of Echigo-ya’s wife’s arrogance, teams up with Kitahara to stage a scheme where a vagrant young man pretends to be the noble’s lost brother, aiming to trick and embarrass the wealthy woman.",Japan,Released,
1946,A Descendant of Urashima Taro,None,6.0,Drama,82.0,0.0,0.0,ja,TOHO,tt0038465,348769.0,浦島太郎の後裔,0.6061,1,1946-03-28,"Reputedly based on Frank Capra’s 1939 film Mr. Smith Goes to Washington, A Descendant of Tarô Urashima is about a repatriated soldier who becomes populist politician in the Japanese Happiness Party.",Japan,Released,
1946,Those Who Make Tomorrow,3.22,0.0,Drama,82.0,0.0,0.0,ja,TOHO,tt0038310,106451.0,明日を創る人々,0.4802,0,1946-05-02,"In postwar Japan, two sisters—a film studio script girl and a revue dancer—become swept up in the growing labor movement when workers around them strike for better conditions. As their conservative father opposes their activism, his own dismissal forces him to confront the realities of class struggle and join their fight for a fairer future. Now considered a lost film, Those Who Make Tomorrow was produced by Toho to promote unionization during Japan’s Allied Occupation.",Japan,Released,
1946,Iki na fûraibô,None,0.0,,86.0,0.0,0.0,ja,Shochiku Kyoto,tt1201631,1139685.0,粋な風来坊,0.4426,0,1946-02-28,A lost film by Masahiro Makino,Japan,Released,
1946,As Long as I Live,None,0.0,,93.0,0.0,0.0,ja,TOHO,tt9698710,706971.0,命ある限り,0.4225,0,1946-08-01,,Japan,Released,
1946,An Enemy of the People,None,0.0,Drama,83.0,0.0,0.0,ja,TOHO,tt0186364,847931.0,民衆の敵,0.4113,0,1946-04-25,Tadashi Imai 1946 movie,Japan,Released,
1946,Meiji no kyōdai,None,0.0,,93.0,0.0,0.0,ja,Daiei Film,,961185.0,明治の兄弟,0.3951,0,1946-01-31,,Japan,Released,
1946,Morning for the Osone Family,3.53,6.7,Drama,81.0,0.0,0.0,ja,Shochiku,tt0038810,130241.0,大曽根家の朝,0.3769,9,1946-02-21,A Japanese family weathers much hardship after their military uncle comes to live with them during WWII.,Japan,Released,
1946,The Woman Who Holds the Key,None,0.0,,,,,ja,,,,鍵を握る女,0.3435,0,1946-08-15,Shochiku melodrama about the loves of the humble people living in the poor tenement called the Ryuheiso.,,,
1947,Diary of a Nurse,None,0.0,Drama,76.0,0.0,0.0,ja,Daiei Film,,1297359.0,看護婦の日記,1.5474,0,1947-07-01,"Ren Yoshimura  directed this Daiei melodrama that was based on the novel entitled ""Pandora's Box"" by Dazai Osamu.",Japan,Released,
1947,The Ball at the Anjo House,3.76,6.8,Drama,89.0,0.0,0.0,ja,Shochiku,tt0039154,125232.0,安城家の舞踏会,0.7708,18,1947-09-27,"After Japan's defeat in the war, the Anjo family lose their peerage and wealth. Since their mansion is due to pass into the hands of a creditor, the family holds one last ball before leaving.",Japan,Released,
1947,Record of a Tenement Gentleman,3.87,7.193,"Drama, Comedy",72.0,0.0,0.0,ja,Shochiku,tt0039651,74126.0,長屋紳士録,0.7309,57,1947-05-20,"An errant salaryman's son gets lost until a man from the Tokyo tenements brings him to vendor Tane, who's reluctant to let the kid board.",Japan,Released,
1947,One Wonderful Sunday,3.78,7.2,"Drama, Romance",108.0,0.0,0.0,ja,TOHO,tt0039871,45967.0,素晴らしき日曜日,0.697,89,1947-07-01,"Two broke sweethearts wander war-scarred Tokyo on a single Sunday, stretching 35 yen as they chase housing, small pleasures, and a little hope.",Japan,Released,
1947,These Foolish Times,None,0.0,Comedy,166.0,0.0,0.0,ja,"Kenichi Enomoto Acting Group, Roppa Group, TOHO",tt0039818,773444.0,新馬鹿時代,0.5972,0,1947-10-12,,Japan,Released,
1947,Marriage,None,7.0,"Drama, Romance",86.0,0.0,0.0,ja,Shochiku,tt0039528,369106.0,結婚,0.5851,2,1947-03-18,In postwar Japan a young woman is unable to marry her sweetheart because her family's in difficult circumstances and needs her income to keep afloat.,Japan,Released,
1947,Snow Trail,3.65,7.0,"Drama, Crime",89.0,0.0,0.0,ja,TOHO,tt0039423,127112.0,銀嶺の果て,0.5357,22,1947-08-05,"Three bank robbers, Eijima, Nojiri, and Takasugi, flee the police and escape into the mountains. At an inn high in the Japanese Alps, Eijima and Nojiri encounter a young woman and her father, as well as Honda, a mountaineer. The inn folk do not realize their guests are wanted criminals and the visitors are treated with great kindness. Honda volunteers to lead them over the mountains, but Eijima's paranoia endangers all of them as they make the perilous trip.",Japan,Released,
1947,The Love of the Actress Sumako,3.51,6.8,Drama,96.0,0.0,0.0,ja,Shochiku,tt0039516,46046.0,女優須磨子の恋,0.5183,5,1947-08-16,"The stage director Shimamura, who is bringing western theatre to Japan, falls in love with the outspoken actress Sumako Matsui, and leaves his family to be with her, while trying to keep his Art Theatre solvent.",Japan,Released,
1947,A Thousand and One Nights with Toho,None,0.0,Drama,61.0,0.0,0.0,ja,Shintoho Company,tt0209424,1211193.0,東宝千一夜,0.508,0,1947-02-25,The debut film of Shin Toho Productions,Japan,Released,
1947,Once More,3.17,6.2,"Romance, Drama",118.0,0.0,0.0,ja,TOHO,tt0037815,299253.0,今ひとたびの,0.4967,4,1947-04-01,A romance with political overtones about the relationship of a sheltered bourgeois woman and a doctor who devotes himself to caring for the poor. Over a ten-year period - from 1936 through the war - they find each other and are separated again by the events of those tumultuous days.,Japan,Released,
1948,G-Men of Japan,None,0.0,"Crime, Drama",74.0,0.0,0.0,ja,Toyoko Eiga,,1086339.0,にっぽんGメン,2.5976,0,1948-10-12,"The investigative unit of the Metropolitan Police Department organized a special investigative team to uncover a series of frequent gang robberies and car gangs...  This is the first film in the Nippon G-Men series, of which four more films were later released.",Japan,Released,
1948,Drunken Angel,3.9,7.606,Drama,98.0,0.0,0.0,ja,TOHO,tt0040979,25858.0,酔いどれ天使,1.3534,301,1948-04-27,"In postwar Tokyo, a blunt, alcohol-soaked doctor diagnoses a swaggering young yakuza with tuberculosis, forging an uneasy bond that’s tested when the gangster’s ruthless former boss returns and drags him back toward the swampy underworld he can’t escape.",Japan,Released,
1948,Woman,3.44,6.0,Drama,67.0,0.0,0.0,ja,Shochiku,tt0040670,165129.0,女,0.8994,8,1948-04-02,"Like many women after the war, Toshiko works as a chorus girl; her boyfriend Tadashi wishes she'd join him more frequently, but she detests his criminal involvement.",Japan,Released,
1948,Golden Devil,None,0.0,,84.0,0.0,0.0,ja,"Daiei Film, Toyoko Eiga",tt10442134,1254505.0,金色夜叉,0.5409,0,1948-01-20,1948 adaptation of Golden Devil,Japan,Released,
1948,365 Nights,None,7.0,Drama,119.0,0.0,0.0,ja,Shintoho Film Distribution Committee,tt0040065,399429.0,三百六十五夜,0.5015,1,1948-09-02,"A young man rents an apartment in Tokyo and discover it was built by his father. He falls in love with the daughter of the mistress of the house and decides to marry her. Only to discover that his father is is in debt and wants him to marry Ranko so that she may help his company by granting 1.5 million yen. Teruko decides to borrow money from a greedy bar owner who lends her money on certain conditions and photographs her without her consent. A love traingle forms between Koroku, Ranko, and Teruko. Things complicate when Koroku marries Teruko and Tsugawa threatens them for the money causing many twists and turns.",Japan,Released,
1948,Apostasy,None,5.4,Drama,99.0,0.0,0.0,ja,Shochiku,tt0040413,152811.0,破戒,0.4946,5,1948-11-30,"In the Meiji period, a schoolteacher tries to hide his lower-class upbringing as he supports a visiting liberal intellectual.",Japan,Released,
1948,Living Image,None,0.0,Drama,93.0,0.0,0.0,ja,Shintoho Company,tt0960776,360462.0,生きている画像,0.4916,0,1948-10-12,A film dealing with the comings and goings of individuals in the immediate postwar period.,Japan,Released,
1948,The Most Beautiful Day of My Life,None,0.0,Drama,101.0,0.0,0.0,ja,Shochiku,tt0183996,499877.0,わが生涯のかゞやける日,0.4729,0,1948-09-26,"Life and love in corrupt postwar Tokyo, as a young couple struggles against both the law and the mob.",Japan,Released,
1948,A Hen in the Wind,3.77,7.1,Drama,84.0,0.0,0.0,ja,Shochiku,tt0040505,126219.0,風の中の牝鶏,0.4671,56,1948-09-17,"Tokiko is a mother patiently waiting for her husband's return from the war when her 4-year old son becomes ill. She takes him to the doctor for treatment but has no way of paying. She resorts to prostitution. One month later her husband returns from WWII to find his desperate wife, who tells him the truth. Together they must deal with the consequences.",Japan,Released,
1948,A Visage to Remember,None,6.3,Drama,96.0,0.0,0.0,ja,TOHO,tt0040663,443645.0,面影,0.4311,3,1948-04-04,"During his summer holiday, Kawasaki Ryuichi (Ryuzaki Ichiro), a handsome engineer in his late twenties, visits his teacher and mentor, Professor Inagaki (Sugai Ichiro), at his seaside home. There he meets the professor's lovely young wife, Sachiko (Hamada Yuriko), and is unsettled by the striking resemblance she bears to his wife, who died three years earlier. Attracted to Sachiko, he does his best to hide his feelings. The couple, however, senses a deep-seated melancholy in him. Attributing it to the loss of his wife, they urge him to marry their niece, Kaoru, but he is not interested. Shortly after, Fumiko , Sachiko's older sister, realizes that Sachiko and Kawasaki have feelings for each other, but she keeps her counsel. One day Kawasaki, Sachiko, and Kaoru go boating when a storm forces them to stay overnight at a hotel. Unable to sleep, Kawasaki takes a walk along the beach where he finds Sachiko, also unable to sleep. He declares his love for her.",Japan,Released,
1949,Stray Dog,4.02,7.5,"Crime, Drama, Thriller",122.0,0.0,47005.0,ja,"Film Art Association, Shintoho Company",tt0041699,30368.0,野良犬,1.6872,342,1949-10-17,"A bad day gets worse for young detective Murakami when a pickpocket steals his gun on a hot, crowded bus. Desperate to right the wrong, he goes undercover, scavenging Tokyo’s sweltering streets for the stray dog whose desperation has led him to a life of crime. With each step, cop and criminal’s lives become more intertwined and the investigation becomes an examination of Murakami’s own dark side.",Japan,Released,The Suspense Filled Story of 7 Bullets!
1949,Late Spring,4.34,8.0,Drama,108.0,0.0,0.0,ja,Shochiku,tt0041154,20530.0,晩春,1.5096,460,1949-09-13,"Noriko is perfectly happy living at home with her widowed father, Shukichi, and has no plans to marry -- that is, until her aunt Masa convinces Shukichi that unless he marries off his 27-year-old daughter soon, she will likely remain alone for the rest of her life. When Noriko resists Masa's matchmaking, Shukichi is forced to deceive his daughter and sacrifice his own happiness to do what he believes is right.",Japan,Released,
1949,The Quiet Duel,3.61,7.3,Drama,95.0,0.0,0.0,ja,Daiei Film,tt0041870,37513.0,静かなる決闘,0.8395,87,1949-03-19,"A young army surgeon, Kyoji Fujisaki, accidentally contracts syphilis during a WWII field operation. Back at his father’s clinic, he treats himself in secret and breaks off his engagement rather than risk his fiancée’s future, even as he confronts the irresponsible patient who infected him—testing his ethics, pride, and capacity for sacrifice.",Japan,Released,
1949,The Blue Mountains: Part I,None,6.3,Drama,92.0,0.0,0.0,ja,"TOHO, Fujimoto Production",tt0185883,131833.0,青い山脈,0.7468,7,1949-07-19,Teacher Yukiko finds herself in opposition to conservative faculty and villagers after defending a student for being in a relationship with a young man from Tokyo.,Japan,Released,
1949,Konna onna ni dare ga shita,None,0.0,Drama,89.0,0.0,0.0,ja,Toyoko Eiga,,1224470.0,こんな女に誰がした,0.5657,0,1949-07-04,,Japan,Released,
1949,Yotsuya Ghost Story Part 2,3.48,6.5,Horror,73.0,0.0,0.0,ja,Shochiku,tt0380827,219253.0,新釈四谷怪談　後篇,0.5168,12,1949-07-16,"Part 2 starts where the first film ended, with Iemon disposing of the bodies of his wife and Kohei, marrying upward, and being blackmailed by the evil Naosuke.",Japan,Released,
1949,Yotsuya Ghost Story Part 1,3.51,6.5,Horror,85.0,0.0,0.0,ja,Shochiku,tt0042059,219252.0,新釈四谷怪談　前篇,0.5039,13,1949-07-05,"Iemon Tamiya is an impoverished masterless samurai who craves a better life, which he cannot have because of his marriage to Oiwa, who is completely devoted to her husband.",Japan,Released,
1949,Ginza Cancan Girls,None,0.0,"Music, Comedy",68.0,0.0,0.0,ja,Shintoho Company,tt0259326,370030.0,銀座カンカン娘,0.4648,0,1949-08-16,Shizuko Kasagi and Hideko Takamine star as young women who try to raise money for a needy old friend by becoming wandering singers who work for tips in Tokyo's Ginza nightlife district.,Japan,Released,
1949,A Fool's Love,None,0.0,Drama,89.0,0.0,0.0,ja,Daiei Film,tt0321657,601542.0,痴人の愛,0.4518,0,1949-10-16,Adaptation of Junichiro Tanizaki's novel whit the same name. It is perversely erotic relationship between a young salaryman and his teenage wife whom he 'adopted' at first as to 'train' her to be his idealistic modern woman.,Japan,Released,
1949,Broken Drum,None,6.7,"Comedy, Drama",108.0,0.0,0.0,ja,Shochiku,tt0042056,216041.0,破れ太鼓,0.4497,6,1949-12-01,"When the future of his construction company falls into danger, a controlling father pushes his children into unsatisfying marriages and careers in order to regain financial stability.",Japan,Released,
1950,Rashomon,4.21,8.0,"Crime, Drama, Mystery",88.0,250000.0,117668.0,ja,Daiei Film,tt0042876,548.0,羅生門,3.2499,2456,1950-08-26,Four people recount different versions of the story of a man's murder and the rape of his wife.,Japan,Released,"The husband, the wife… or the bandit?"
1950,G-men of Japan 2: Bloody Duel at Shipwreck Cape,None,0.0,"Drama, Action, Crime",91.0,0.0,0.0,ja,Toyoko Eiga,tt1921035,1104764.0,にっぽんGメン 第二話 難船﨑の血闘,2.9799,0,1950-01-03,"The second part of an action-packed action movie about the struggle between smugglers, the Japanese Coast Guard and G-men. Having caught a suspicious radio signal, the coast Guard discovers that a smuggling transaction is taking place and goes to the place. It was supposed to be a big catch, but they lose sight of the smugglers by finding and rescuing a woman drowning in the sea. The rescued woman says she jumped into the sea while escaping from a slaver's boat...  A luxury version featuring the two main stars of the Toei company – Chiezo Kataoka and Utaemon Ichikawa.",Japan,Released,
1950,Scandal,3.52,6.894,Drama,104.0,0.0,0.0,ja,Shochiku,tt0042958,32690.0,醜聞,1.18,94,1950-04-26,A celebrity photograph sparks a court case as a tabloid magazine spins a scandalous yarn over a painter and a famous singer.,Japan,Released,
1950,The Munekata Sisters,3.78,7.132,Drama,112.0,0.0,0.0,ja,Shintoho Company,tt0042762,55198.0,宗方姉妹,1.0641,34,1950-08-08,"Setsuko is unhappily married to Mimura, an engineer with no job and a bad drinking habit. She had always been in love with Hiroshi but both of them failed to propose when Hiroshi left for France a few years ago. Now he is back and Mariko tries to reunite them. She too is secretly in love with Hiroshi.",Japan,Released,
1950,Till We Meet Again,3.57,6.3,"Romance, War, Drama",111.0,0.0,0.0,ja,TOHO,tt0043093,125235.0,また逢う日まで,0.8685,9,1950-03-21,Saburo and Keiko fall in love with each other but the tide of war separates them.,Japan,Released,
1950,Street of Violence,None,6.5,"Drama, Crime",111.0,0.0,0.0,ja,,tt1637711,435231.0,暴力の街,0.6757,2,1950-02-26,An attempt is made to suppress a journalist's investigation of collusion between a rural police chief and the local gangster bosses.,Japan,Released,
1950,Duel in the Sun,3.34,0.0,Drama,109.0,0.0,0.0,ja,"Shintoho Company, Fujimoto Production",tt13891746,914987.0,白昼の決闘,0.6271,0,1950-03-07,A film by Kiyoshi Saeki,Japan,Released,
1950,The Tattooed Magistrate: Fallen Flowers Showdown Volume,None,0.0,"Crime, Drama",87.0,0.0,0.0,ja,Toyoko Eiga,,799175.0,いれずみ判官　落花対決の巻,0.5882,0,1950-04-23,,Japan,Released,
1950,The Rainbow-Colored Flower,None,1.0,Drama,101.0,0.0,0.0,ja,Toyoko Eiga,tt2210845,398696.0,七色の花,0.5774,2,1950-10-14,"Ebihara is a budding novelist entangled in a complicated web of relationships with three women from three different generations: Kazue, a coquettish teenage war orphan who tries to offer herself for money but is instead taken in by Ebihara, Koyabu, a middle-aged woman who has spent much of her life as the kept woman of a wealthy man, and Teruko, the modest daughter of Ebihara's former teacher who comes to rely on him after the death of her father.",Japan,Released,
1950,Fencing Master,None,6.0,"Action, Adventure, Drama",103.0,0.0,0.0,ja,Toyoko Eiga,tt0274937,321207.0,殺陣師段平,0.5685,1,1950-08-26,"Swordfighting instructor Danpei works at a local theater in Tokyo, instructing the actors how to fight realistically.",Japan,Released,
1951,The Idiot,3.59,7.0,"Drama, Romance",166.0,0.0,0.0,ja,Shochiku,tt0043614,24774.0,白痴,1.1139,123,1951-05-23,"A gentle, war-shattered ex-soldier, Kinji Kameda, arrives in wintry Hokkaidō and is pulled into a volatile tangle of love and pity between the disgraced Taeko Nasu, the proud Ayako, and his possessive friend Akama. Kameda’s saintly compassion exposes everyone’s wounds, steering the quartet toward jealousy, violence, and inexorable tragedy. Adapted from Dostoevsky’s novel.",Japan,Released,
1951,Early Summer,4.21,7.844,Drama,125.0,0.0,0.0,ja,"Shochiku, Shochiku Ofuna Film Studio",tt0043313,50247.0,麦秋,0.9403,202,1951-10-03,A 28-year-old single woman is pressured to marry.,Japan,Released,
1951,Carmen Comes Home,3.38,6.14,"Comedy, Music",86.0,0.0,0.0,ja,Shochiku,tt0043699,125264.0,カルメン故郷に帰る,0.8848,25,1951-03-21,"A rural village elder plans an event on the return of a farmer's daughter from the city, unaware that she has become a Westernized burlesque artist.",Japan,Released,
1951,Repast,3.88,7.6,Drama,97.0,0.0,0.0,ja,TOHO,tt0043801,47184.0,めし,0.8108,45,1951-11-23,Michiyo lives in the small place Osaka and is not happy with her marriage; all she does is cook and clean for her husband.,Japan,Released,
1951,Ginza Cosmetics,3.61,6.1,Drama,87.0,0.0,0.0,ja,Ito Productions,tt0043587,118575.0,銀座化粧,0.7719,11,1951-04-14,A luckless geisha struggles to make a living for herself and her young son.,Japan,Released,
1951,Dispersed Clouds,None,6.5,"Romance, Drama",95.0,0.0,0.0,ja,Shintoho Company,tt0044195,181360.0,わかれ雲,0.6692,2,1951-11-23,"Five women classmates from a college in Tokyo are on the first stretch of a walking tour when one of them, Masako, falls ill at a railway station. Osen, a middle-aged maid from a nearby inn, takes her in and nurses her, assisted by Dr. Minami, a young physician who diagnoses her illness as a mild case of pneumonia. With Masako in good hands and needing a few days to recuperate, her classmates continue their tour. Masako’s recovery, however, is hampered by her spoiled and immature nature and her determination to punish the world for the loss of her mother.",Japan,Released,
1951,Beauty of Life,None,0.0,Drama,80.0,0.0,0.0,ja,Shochiku,tt0326972,830526.0,命美わし,0.6068,0,1951-12-07,Inochi uruwashi,Japan,Released,
1951,Miss Oyu,3.91,7.2,"Drama, Romance",94.0,0.0,0.0,ja,Daiei Film,tt0043892,46043.0,お遊さま,0.555,57,1951-06-22,"Shinnosuke is introduced to Shizu as a prospective marriage partner, but he falls in love with her widowed sister Oyu. Convention forbids Oyu to marry because she has to raise her son as the head of her husband's family. Oyu convinces Shinnosuke and Shizu to marry so that she can remain close to Shinnosuke.",Japan,Released,
1951,Zoku Sasaki Kojiro,None,0.0,"Action, History",116.0,0.0,0.0,ja,"TOHO, Morita Productions",tt0262938,1075193.0,続佐々木小次郎,0.5212,0,1951-03-31,1951 Japanese movie,Japan,Released,
1951,The White Orchid,None,0.0,Drama,103.0,0.0,0.0,ja,Daiichi Kyodan,tt8938292,707528.0,熱砂の白蘭,0.5165,0,1951-03-24,"A Japanese adaptation of Guy de Maupassant's short story Boule de Suif, directed by Kimura Keigo",Japan,Released,
1952,Ikiru,4.51,8.315,Drama,143.0,0.0,55240.0,ja,TOHO,tt0044741,3782.0,生きる,3.026,1295,1952-10-09,"Kanji Watanabe is a middle-aged man who has worked in the same monotonous bureaucratic position for decades. Learning he has cancer, he starts to look for the meaning of his life.",Japan,Released,A big story of a little man which will grip your soul...
1952,The Men Who Tread on the Tiger's Tail,3.33,6.7,"Drama, History, Thriller, Adventure",59.0,0.0,0.0,ja,TOHO,tt0038182,36916.0,虎の尾を踏む男達,1.3764,95,1952-04-24,A fugitive lord and his six retainers disguise themselves as monks to bluff their way through a hostile checkpoint.,Japan,Released,
1952,The Flavor of Green Tea Over Rice,4.03,7.5,Drama,116.0,0.0,0.0,ja,Shochiku,tt0044982,55197.0,お茶漬けの味,1.0475,98,1952-10-01,The arranged marriage between a capricious woman from Tokyo high society and a quiet and rustic man is tested by a marital crisis.,Japan,Released,
1952,The Life of Oharu,4.2,7.7,Drama,136.0,0.0,0.0,ja,"Koi Productions, Shintoho Company, TOHO",tt0045112,43364.0,西鶴一代女,0.9068,190,1952-04-17,"In 17th century Edo Period Japan, a noblewoman's banishment for her love affair with a lowly page signals the beginning of her inexorable fall.",Japan,Released,
1952,Lightning,3.99,7.173,Drama,87.0,0.0,0.0,ja,Daiei Film,tt0044745,125358.0,稲妻,0.7916,26,1952-10-09,"The story of Kiyoko, a young woman who has successfully managed to make a break with her dysfunctional family who have been trying to arrange a marriage for her with a disagreeable man whom she has rejected.",Japan,Released,
1952,Children of Hiroshima,3.83,7.1,"Drama, War",97.0,0.0,0.0,ja,"Mingei Theatre Company, Kindai Eiga Kyokai",tt0044497,77057.0,原爆の子,0.7836,41,1952-08-06,"Shows the devastation caused by the atomic bomb, and by use of a fictional storyline, portrays the struggle of the ordinary Japanese people in dealing with the aftermath.",Japan,Released,
1952,Vendetta of a Samurai,3.33,6.8,"Drama, Action, History",82.0,0.0,0.0,ja,"TOHO, Daiei Film",tt0043707,102282.0,荒木又右衛門 決闘鍵屋の辻,0.7168,14,1952-01-03,"Mataemon Araki, a renowned swordsman, helps a young man find vengeance.",Japan,Released,
1952,Mother,3.86,6.947,Drama,98.0,0.0,0.0,ja,Shintoho Company,tt0044986,41173.0,おかあさん,0.6719,19,1952-06-12,A teenaged girl witnesses her widowed mother's attempt to sustain her family.,Japan,Released,
1952,Sword for Hire,None,7.0,"Drama, Action, Adventure",135.0,0.0,0.0,ja,TOHO,tt0045137,111566.0,戦国無頼,0.6139,8,1952-05-22,"Soldiers Hayate and Yaheiji secretly escape from their besieged castle. Hayate has left behind his lover, Kano. On his way, Hayate is wounded and cared for by O’Ryo, who falls in love with him. But when Hayate accidentally kills her caretaker, he flees, with O’Ryo in pursuit. Subsequently, Hayate's comrade Yaheiji falls in love with Oryo. Kano, the lover left behind by Hayate, believes him dead, and becomes involved with another soldier, Jurota. When Jurota defects to the opposing army, he takes Kano with him. A double set of love triangles has developed, wherein each man and each woman loves one and is loved by another. Finally only combat and self-sacrifice can untangle the weave.",Japan,Released,
1952,Sisters of Nishijin,None,8.0,Drama,110.0,0.0,0.0,ja,Daiei Film,tt0044968,512735.0,西陣の姉妹,0.6133,1,1952-04-17,A family of Kyoto textile workers struggles after tragedy.,Japan,Released,
1953,Ugetsu,4.26,8.005,"Fantasy, Drama, Mystery",96.0,0.0,0.0,ja,Daiei Film,tt0046478,14696.0,雨月物語,3.1897,628,1953-03-26,"In 16th century Japan, peasants Genjuro and Tobei sell their earthenware pots to a group of soldiers in a nearby village, in defiance of a local sage's warning against seeking to profit from warfare. Genjuro's pursuit of both riches and the mysterious Lady Wakasa, as well as Tobei's desire to become a samurai, run the risk of destroying both themselves and their wives, Miyagi and Ohama.",Japan,Released,
1953,Tokyo Story,4.43,8.168,Drama,137.0,0.0,0.0,ja,Shochiku,tt0046438,18148.0,東京物語,2.7307,1187,1953-11-03,"The elderly Shukishi and his wife, Tomi, take the long journey from their small seaside village to visit their adult children in Tokyo. Their elder son, Koichi, a doctor, and their daughter, Shige, a hairdresser, don't have much time to spend with their aged parents, and so it falls to Noriko, the widow of their younger son who was killed in the war, to keep her in-laws company.",Japan,Released,"As long as life goes on, relationships between parents and children will bring boundless joy and endless grief."
1953,Love Letter,4.13,6.8,"Romance, Drama",98.0,0.0,0.0,ja,Shintoho Company,tt0407929,270055.0,恋文,1.7707,25,1953-12-13,"A sad and troubled man finds a new job five years after the end of WWII, where he writes love letters for other people.",Japan,Released,
1953,Gate of Hell,3.67,7.1,"Drama, History, Romance",86.0,0.0,0.0,ja,Daiei Film,tt0045935,43349.0,地獄門,1.1351,93,1953-10-30,"Japan, 1159. Moritō, a brave samurai, performs a heroic act by rescuing the lovely Kesa during a violent uprising. Moritō falls in love with her, but becomes distraught when he finds out that she is married.",Japan,Released,The most honored screen import in a decade!
1953,A Geisha,3.93,7.5,Drama,85.0,0.0,0.0,ja,Daiei Film,tt0045814,45991.0,祇園囃子,0.8191,57,1953-08-12,"Fleeing a distressing family situation, Eiko, a very young girl, becomes an apprentice to Miyoharu, a veteran geisha. Both, determined to preserve their professional integrity, must face the selfishness and ambition of several petty people.",Japan,Released,
1953,Brother and Sister,None,6.222,Drama,86.0,0.0,0.0,ja,Daiei Film,tt0045507,137504.0,あにいもうと,0.8141,18,1953-08-19,"The eldest daughter of a rural family Mon returns home from Tokyo pregnant after an affair with a college student Kobata, which causes a scandal that will threaten the marriage prospects of the younger sister San, in her cash-strapped family. The ill-tempered eldest brother Inokichi decides to take on the role of disciplinarian, with harrowing results.",Japan,Released,
1953,A Japanese Tragedy,3.66,5.321,Drama,116.0,0.0,0.0,ja,Shochiku,tt0046127,50805.0,日本の悲劇,0.7846,15,1953-06-17,"At the close of the war in Japan, a widowed mother makes every possible sacrifice to bring up her ungrateful son and daughter who are unimpressed with their poor standard of living at home. They gradually reject her in search of the material comforts that working as a maid cannot provide. The mother's despair becomes interminable.",Japan,Released,
1953,Red-Light Bases,None,0.0,Drama,90.0,0.0,0.0,ja,TOHO,tt0361292,713830.0,赤線基地,0.6793,0,1953-12-08,Story about a poor Japanese woman living near an American army base who resorts to prostitution.,Japan,Released,
1953,Anatahan,3.67,6.6,"Drama, War",91.0,0.0,0.0,ja,Daiwa Building,tt0046712,104776.0,アナタハン,0.6722,43,1953-06-28,"From June 1944, twelve Japanese seamen are stranded for seven years on an abandoned and forgotten island called Anatahan.",Japan,Released,
1953,The Eagle of the Pacific,None,7.6,"Drama, War",119.0,0.0,0.0,ja,TOHO,tt0046395,381660.0,太平洋の鷲,0.6385,9,1953-10-21,"Admiral Isoroku Yamamoto, a brilliant tactician, is a loyal subject of the emperor, despite his grave misgivings about leading Japan's navy into war with the United States. He opposes the attack on Pearl Harbor, but, overruled, he leads his forces to the best of his ability.",Japan,Released,
1954,Seven Samurai,4.6,8.451,"Action, Drama",207.0,2000000.0,105000000.0,ja,TOHO,tt0047478,346.0,七人の侍,7.5062,4114,1954-04-26,"A samurai answers a village's request for protection after he falls on hard times. The town needs protection from bandits, so the samurai gathers six others to help him teach the people how to defend themselves, and the villagers provide the soldiers with food.",Japan,Released,Unmatched for suspense and spectacle!
1954,Godzilla,4.06,7.635,"Thriller, Horror, Science Fiction",96.0,60000.0,2250000.0,ja,"TOHO, Toho Laboratory",tt0047034,1678.0,ゴジラ,3.5736,1077,1954-11-03,"Japan is thrown into a panic after several ships are sunk near Odo Island. An expedition to the island led by Dr. Kyohei Yamane soon discover something far more devastating than imagined in the form of a 50 meter tall monster whom the natives call Gojira. Now the monster begins a rampage that threatens to destroy not only Japan, but the rest of the world as well.",Japan,Released,"Godzilla, a weapon of science, a great battle of wonder and terror!"
1954,Chikamatsu Monogatari,4.15,7.8,"Drama, Romance",102.0,0.0,0.0,ja,Daiei Film,tt0046851,35861.0,近松物語,1.3526,147,1954-11-23,"When the wife of a 17th century Kyoto scroll-maker is falsely accused of having an affair with his best employee, the pair flee the city and find themselves falling for one another.",Japan,Released,The tortured heart behind the cultivated image.
1954,Sansho the Bailiff,4.42,8.083,Drama,124.0,0.0,0.0,ja,Daiei Film,tt0047445,20532.0,山椒大夫,1.3063,414,1954-03-31,"In medieval Japan, a woman and her children journey to find the family's patriarch, who was exiled years earlier.",Japan,Released,"Without mercy, man is like a beast."
1954,Samurai I: Musashi Miyamoto,3.66,7.162,"Drama, Action, Adventure",93.0,0.0,0.0,ja,TOHO,tt0047444,31372.0,宮本武蔵,0.9281,201,1954-09-25,"Struggling to elevate himself from his low caste in 17th century Japan, Miyamoto trains to become a mighty samurai warrior.",Japan,Released,
1954,Twenty-Four Eyes,4.13,7.689,Drama,156.0,0.0,0.0,ja,Shochiku,tt0047281,43339.0,二十四の瞳,0.8997,90,1954-09-15,"From 1928 to 1946, the lives of 12 young people and their school teacher in a poor Japanese village are profoundly affected by historical events and personal circumstances.",Japan,Released,
1954,Late Chrysanthemums,3.84,7.25,Drama,101.0,0.0,0.0,ja,TOHO,tt0046750,36871.0,晩菊,0.837,36,1954-06-15,"With delicate, unobtrusive strokes, Naruse evokes both the humor and bitterness of his characters’ dilemmas, in this bleak, compelling poignant portrait of a quartet of aging geishas contemplating their troubles with men and money.",Japan,Released,
1954,Hanran,None,0.0,"Drama, History",115.0,0.0,0.0,ja,Shintoho Company,tt14743424,1195438.0,叛乱,0.7666,0,1954-01-03,,Japan,Released,
1954,Sound of the Mountain,4.03,7.32,Drama,96.0,0.0,0.0,ja,TOHO,tt0047682,46492.0,山の音,0.75,64,1954-01-15,An ingratiating bride develops warm ties to her father-in-law while her cold husband blithely slights her for another woman.,Japan,Released,
1954,Last of the Wild Ones,None,0.0,,103.0,0.0,0.0,ja,TOHO,tt0335202,360524.0,次郎長三国志　第八部　海道一の暴れん坊,0.7432,0,1954-06-08,A legendary gangster raises himself out of a small town and gathers followers on his rise to power.,Japan,Released,
1955,Godzilla Raids Again,2.67,5.978,"Science Fiction, Horror, Action",82.0,800000.0,1952653.0,ja,"TOHO, Toho Laboratory",tt0048127,1679.0,ゴジラの逆襲,1.7076,322,1955-04-24,"Two fishing scout pilots make a horrifying discovery when they encounter a second Godzilla alongside a new monster named Anguirus. Without the weapon that killed the original, authorities attempt to lure Godzilla away from the mainland. But Anguirus soon arrives and the two monsters make their way towards Osaka as Japan braces for tragedy.",Japan,Released,"A tremendous, astonishing story that rages across the nation of Japan!"
1955,Floating Clouds,3.92,7.692,"Drama, Romance",123.0,0.0,0.0,ja,TOHO,tt0048757,77285.0,浮雲,1.3181,104,1955-01-15,"A married Japanese forester during WWII is sent to Indochina to manage forests. He meets a young Japanese typist and promises to leave his wife. He doesn't and after the war, she turns up and the affair resumes.",Japan,Released,"So short is the life of a flower, yet so much hardships it suffered."
1955,The Moon Has Risen,3.78,6.8,"Drama, Romance, Comedy",102.0,0.0,0.0,ja,Nikkatsu Corporation,tt0417214,256663.0,月は上りぬ,1.2744,22,1955-01-08,"Mokichi is the widowed father of three daughters, with whom he lives on the premises of a temple since the war. All three daughters become involved in some sort of complicated relationships.",Japan,Released,
1955,Princess Yang Kwei-fei,3.76,6.677,"Romance, Drama, History",92.0,0.0,0.0,ja,"Shaw and Sons, Daiei Film",tt0048820,91426.0,楊貴妃,1.1021,65,1955-05-03,"In eighth century China, the Emperor is grieving over the death of his wife. The Yang family wants to provide the Emperor with a consort so that they may consolidate their influence over the court. General An Lushan finds a distant relative working in their kitchen whom they groom to present to the Emperor. The Emperor falls in love with her and she becomes the Princess Yang Kwei-fei. The Yangs are then appointed important ministers, though An Lushan is not given the court position he covets. The ministers misuse their power so much that there is a popular revolt against the Yangs, fueled by An Lushan.","Hong Kong, Japan",Released,
1955,Till We Meet Again,3.57,6.2,"Drama, Romance",115.0,0.0,0.0,ja,Nikkatsu Corporation,tt0283250,573296.0,あした来る人,0.9211,4,1955-05-29,"Jiro Sone sacrifices all comfort to devote himself to research. Young housewife Yachiyo is disappointed with her husband Kappei, who is more attracted to mountain climbing and another girl. When Yachiyo’s father is introduced to Jiro, all of their lives become intertwined...",Japan,Released,
1955,Taira Clan Saga,3.71,6.8,"Drama, History",108.0,0.0,0.0,ja,Daiei Film,tt0048610,45987.0,新・平家物語,0.9183,30,1955-09-21,"Japan, 1137. The Taira family, a samurai clan, becomes involved in the disputes between Emperor Toba and the monks of Mount Hiei.",Japan,Released,
1955,Samurai II: Duel at Ichijoji Temple,3.68,7.2,"Drama, Action, Adventure",103.0,0.0,0.0,ja,TOHO,tt0048579,31374.0,続宮本武蔵　一乗寺の決闘,0.8616,134,1955-07-12,"After years on the road establishing his reputation as Japan's greatest fencer, Takezo returns to Kyoto. Otsu waits for him, yet he has come not for her but to challenge the leader of the region's finest school of fencing. To prove his valor and skill, he walks deliberately into ambushes set up by the school's followers.",Japan,Released,
1955,Yukiko,None,0.0,Drama,105.0,0.0,0.0,ja,Chuo Eiga Production,tt25963726,925344.0,由起子,0.8111,0,1955-08-03,,Japan,Released,
1955,She Was Like a Wild Chrysanthemum,3.94,6.9,"Romance, Drama",93.0,0.0,0.0,ja,Shochiku,tt0048429,112244.0,野菊の如き君なりき,0.7703,15,1955-11-29,"On the way back to his childhood home, a septuagenarian man recalls his childhood and adolescence, in particular his love for a young woman.",Japan,Released,
1955,The Sacrifice of the Human Torpedoes,None,0.0,War,87.0,0.0,0.0,ja,Shintoho Company,tt0323411,402678.0,人間魚雷回天,0.7449,0,1955-01-09,,Japan,Released,
1956,Rodan,3.21,6.497,"Horror, Science Fiction",72.0,0.0,1333289.0,ja,"TOHO, Far East Laboratory",tt0049782,19742.0,空の大怪獸 ラドン,1.7669,183,1956-12-26,"Mining engineer Shigeru investigates the disappearance and death of his fellow coworkers when prehistoric nymphs are discovered emerging from the mines. After an attack on the local village, Shigeru heads deeper into the mines only to make a more horrifying discovery in the form a prehistoric flying creature. Soon a second monster appears as the two converge in Fukuoka.",Japan,Released,"Born from a volcanic crater, the crimson monster bird Rodan tramples the Earth"
1956,Early Spring,4.03,7.5,"Drama, Romance",145.0,0.0,0.0,ja,Shochiku,tt0049784,20531.0,早春,1.2038,92,1956-01-29,A young Tokyo salary man and his wife struggle within the confines of their passionless relationship while he has an extramarital affair.,Japan,Released,
1956,Samurai III: Duel at Ganryu Island,3.77,7.2,"Action, Adventure, Drama, Romance, History",105.0,0.0,0.0,ja,TOHO,tt0049710,31378.0,宮本武蔵完結編　決闘巌流島,1.1834,133,1956-01-03,"A humble and simple Takezo abandons his life as a knight errant. He's sought as a teacher and vassal by Shogun, Japan's most powerful clan leader. He's also challenged to fight by the supremely confident and skillful Sasaki Kojiro. Takezo agrees to fight Kojiro in a year's time but rejects Shogun's patronage, choosing instead to live on the edge of a village, raising vegetables. He's followed there by Otsu and later by Akemi, both in love with him. The year ends as Takezo assists the villagers against a band of brigands. He seeks Otsu's forgiveness and accepts her love, then sets off across the water to Ganryu Island for his final contest.",Japan,Released,
1956,The Burmese Harp,4.14,7.901,"Drama, War",117.0,0.0,0.0,ja,Nikkatsu Corporation,tt0049012,33319.0,ビルマの竪琴,1.1776,167,1956-01-21,"In Burma during the closing days of WWII, a Japanese soldier separated from his unit disguises himself as a Buddhist monk to escape imprisonment as a POW.",Japan,Released,
1956,Crazed Fruit,3.67,6.856,"Romance, Drama",86.0,0.0,0.0,ja,Nikkatsu Corporation,tt0160440,86664.0,狂った果実,1.059,45,1956-07-12,"Two brothers compete for the amorous favors of a young woman during a seaside summer of gambling, boating, and drinking.",Japan,Released,
1956,Samurai of the Great Earth,None,0.0,Action,105.0,0.0,0.0,ja,Toei Company,tt0364290,1256522.0,大地の侍,1.0231,0,1956-01-29,"A film adaptation of Rikuo Honjo's novel ""Ishikari River"".",Japan,Released,
1956,Flowing,3.89,7.176,Drama,117.0,0.0,0.0,ja,TOHO,tt0049537,46493.0,流れる,0.9135,34,1956-11-20,Otsuta is running the geisha house Tsuta in Tokyo. Her business is heavily in debt. Her daughter Katsuyo doesn't see any future in her mother's trade in the late days of Geisha. But Otsuta will not give up. This film portraits the day time life of geisha when not entertaining customers.,Japan,Released,
1956,Warning from Space,2.97,5.2,"Science Fiction, Horror",87.0,0.0,0.0,ja,Daiei Film,tt0049900,70872.0,宇宙人東京に現わる,0.9064,38,1956-01-27,"Large star-shaped aliens travel to earth in hopes of warning them about an oncoming catastrophe. To prevent panic about their appearance, one alien takes the form of a popular singer.",Japan,Released,"Soon, the Earth will explode! A terror which will annihilate all of humanity!"
1956,The Legend of the White Serpent,None,5.6,"Drama, Romance, Fantasy, Horror",103.0,0.0,0.0,ja,"TOHO, Shaw Brothers",tt0051439,262527.0,白夫人の妖恋,0.891,7,1956-06-22,Lavish Japanese-Chinese coproduction based on an ancient Chinese legend about a man who falls in love with a snake goddess in human form.,"Hong Kong, Japan",Released,
1956,Street of Shame,4.13,7.682,Drama,87.0,0.0,0.0,ja,Daiei Film,tt0048933,43255.0,赤線地帯,0.7397,146,1956-03-18,The lives of five sex workers employed at a Japanese brothel while the nation is debating the passage of an anti-prostitution law.,Japan,Released,Men were their prey! Beauty was their lure!
1957,Throne of Blood,4.27,7.9,"Drama, History",108.0,0.0,13422.0,ja,TOHO,tt0050613,3777.0,蜘蛛巣城,3.097,954,1957-01-15,"Returning to their lord's castle, samurai warriors Washizu and Miki are waylaid by a spirit who predicts their futures. When the first part of the spirit's prophecy comes true, Washizu's scheming wife, Asaji, presses him to speed up the rest of the spirit's prophecy by murdering his lord and usurping his place. Director Akira Kurosawa's resetting of William Shakespeare's ""Macbeth"" in feudal Japan is one of his most acclaimed films.",Japan,Released,
1957,Rice,None,6.5,Drama,118.0,0.0,0.0,ja,Toei Company,tt0186276,199203.0,米,1.6295,10,1957-03-04,A touching story depicting the harsh lives of farmers in Kasumigaura. An attempt to start a fishery business to revive an ailing farming community creates friction amongst the proud residents.,Japan,Released,
1957,An Osaka Story,None,5.4,"Comedy, Drama",97.0,0.0,0.0,ja,Daiei Film,tt0050808,262624.0,大阪物語,1.4806,5,1957-03-06,"A poor peasant, after years of scraping, becomes a rich and powerful Osaka merchant. Mizoguchi Kenji's final project; he died before completing it and directing duties turned over to Yoshimura Kozaburo.",Japan,Released,
1957,Mysterious Clouds: Legend of Satomi's Heroic Deed,None,0.0,"Horror, History",68.0,0.0,0.0,ja,Shintoho Film Distribution Committee,tt0814407,1266803.0,妖雲里見快挙伝 解決篇,1.0112,0,1957-01-09,"In the first year of Chōroku, Satomi Yoshimi, lord of Takita Castle in Awa, faces defeat by neighboring lord Anzai Kagesuren. As the castle nears collapse, Anzai demands a seed from Yoshimi’s lineage, specifically from his wife, Fushihime. Outraged but facing annihilation, Yoshimi gives Fushihime a string of eight ancestral beads and urges her to escape to loyal retainer Inuda Kobungo. Instead, she goes alone to Anzai, followed by her dog, Hachibo. In a twist, Hachibo attacks and kills Anzai, allowing Fushihime to escape. She later reveals that the beads protected her and predicts that eight warriors bearing these beads will someday defend the Satomi family before passing away. Yoshimi finds one of the beads in Inuzuka Nobuno’s armor and convinces her to serve him. Meanwhile, Baka Daiki, plotting to overthrow Satomi, imprisons Inukawa Shosuke, who tries to intervene, under the watch of vassal Aminen Saomojiro.",Japan,Released,
1957,The Mysterians,3.09,6.369,"Science Fiction, Action, Drama, Thriller, War",89.0,0.0,0.0,ja,"TOHO, Far East Laboratory",tt0050251,43226.0,地球防衛軍,0.9791,61,1957-12-28,"In Japan, scientifically advanced invaders from the war-destroyed planet Mysteroid cause an entire village to vanish, then send a giant robot out to storm the city by night, after which they request a small patch of land on Earth and the right to marry earthling women, claiming to be pacifists.  Mankind must decide whether to capitulate or to resist.",Japan,Released,"Space weapons mobilize! A great battle between Earth forces and the gruesome mystery planet people, the Mysterians!"
1957,The Lower Depths,3.74,7.1,Drama,125.0,0.0,0.0,ja,TOHO,tt0050330,26893.0,どん底,0.9116,138,1957-10-01,"Residents of a rundown boardinghouse in 19th-century Japan, including a mysterious old man and an aging actor, get drawn into a love triangle that turns violent. When amoral thief Sutekichi breaks off his affair with landlady Osugi to romance her younger sister, Okayo, Osugi extracts her revenge by revealing her infidelity to her jealous husband.",Japan,Released,
1957,The Ghost of Kasane,3.36,7.125,Horror,66.0,0.0,0.0,ja,Shintoho Company,tt0202423,140510.0,怪談累が淵,0.9094,8,1957-07-10,"A blind masseur visits a samurai to request the return of a loan. The samurai kills him in anger, then has his servant dump the body in the Kasane swamp. However, the ghost of the masseur returns to haunt the samurai, who kills his wife by mistake and then goes to the swamp and drowns himself. 20 years later, the masseur's daughter unknowingly falls in love with the samurai's son who has been brought up to be a servant. After she is horribly disfigured in an accident, he plots to run away with another woman, but the path of their escape lies by the Kasane swamp...",Japan,Released,
1957,Tokyo Twilight,4.23,7.7,Drama,141.0,0.0,0.0,ja,Shochiku,tt0051093,55192.0,東京暮色,0.8393,151,1957-04-30,"Two sisters find out the existence of their long-lost mother, but the younger cannot accept the fact that she was abandoned as a child.",Japan,Released,
1957,Yagyu Secret Scrolls,None,7.0,"Action, Adventure",109.0,0.0,0.0,ja,TOHO,tt0051208,112579.0,柳生武芸帳,0.8156,4,1957-04-14,"In the Tokugawa Era, the clan of Lord Yagyu has hidden away three scrolls containing clan secrets which, if revealed, would cause revolution and disaster for the clan. The information is divided among the three scrolls, all of which must be possessed for the secrets to be understood. When Princess Yuhime steals the scrolls, Tasaburo, a samurai with magical powers, and his brother Senshiro are sent to retrieve them.",Japan,Released,
1957,Down Town,None,0.0,Drama,57.0,0.0,0.0,ja,TOHO,tt0050962,625072.0,下町,0.7944,0,1957-10-29,"A woman struggles to raise her young son on her own in postwar Japan, finding companionship with a kind laborer while still hoping for the return of her missing husband.",Japan,Released,
1958,The Hidden Fortress,4.15,7.977,"Drama, Action, Adventure",139.0,0.0,57673.0,ja,TOHO,tt0051808,1059.0,隠し砦の三悪人,1.7768,675,1958-12-28,"In feudal Japan, during a bloody war between clans, two cowardly and greedy peasants, soldiers of a defeated army, stumble upon a mysterious man who guides them to a fortress hidden in the mountains.",Japan,Released,What you make of another's kindness is up to you.
1958,Equinox Flower,4.04,7.4,"Comedy, Drama",118.0,0.0,0.0,ja,Shochiku,tt0051720,28272.0,彼岸花,1.1277,161,1958-09-07,"Wataru Hirayama's outwardly liberal views on marriage are severely tested when his daughter declares that she is in love with a coworker and is adamant to live life her own way, instead of agreeing to an arranged marriage. Outwitted by his female relatives, Hirayama stubbornly refuses to admit defeat.",Japan,Released,
1958,Giants and Toys,3.72,6.905,"Comedy, Drama",95.0,0.0,0.0,ja,Daiei Film,tt0051834,76754.0,巨人と玩具,1.0837,37,1958-06-22,"Nishi is an advertising executive for a caramel company that is planning to launch a new product, in fierce competition with two other companies.",Japan,Released,
1958,Conflagration,3.64,7.1,Drama,99.0,0.0,0.0,ja,Daiei Film,tt0051584,97149.0,炎上,1.0736,29,1958-09-22,"Learning of his family's collapse, acolyte Goichi, sent to study silently at the Temple of the Golden Pavilion, must endure acute psychological distress.",Japan,Released,
1958,The Tale of the White Serpent,3.31,6.2,"Animation, Fantasy",79.0,0.0,0.0,ja,Toei Animation,tt0051694,64777.0,白蛇伝,1.0582,39,1958-09-03,"As a young boy, Xu-Xian is forced to free his pet, a small snake. Unbeknownst to him, the snake is actually a young snake goddess named Bai-Niang and she is in love with him. Many years later, when they are both adults, the princess is magically transformed into a human and sets out to find her love. But the local wizard believes her to be a vampire, and banishes Xu-Xian from the village in order to save him. Xu-Xian's pet pandas Panda and Mimi set out to save him and bring him, in the process becoming leaders of an animal gang.",Japan,Released,"The adventures of a cute little panda, a dragon god and an evil serpent."
1958,The Snowy Heron,None,4.0,Drama,97.0,0.0,0.0,ja,Daiei Film,tt0052192,199175.0,白鷺,0.9004,3,1958-11-29,"The story follows Oshino, a geisha who is trying to start a new life with a lover who is a painter. However, her past filled with debts and pimps catches up to her.",Japan,Released,
1958,Black Cat Mansion,3.49,6.3,"Drama, Horror",69.0,0.0,0.0,ja,Shintoho Company,tt0202268,100463.0,亡霊怪猫屋敷,0.8991,18,1958-07-13,"The descendant of the servant of a cruel and vicious samurai returns to the town where she was born, only to find that a cat who is possessed by the spirits of those murdered by the samurai is trying to kill her.",Japan,Released,
1958,Rusty Knife,3.34,5.7,"Thriller, Action, Crime",90.0,0.0,0.0,ja,Nikkatsu Corporation,tt0360946,71720.0,錆びたナイフ,0.8968,15,1958-03-11,"Udaka is a new, post-war city where corruption has already taken hold. A persistent district attorney wants to arrest and convict Katsumata, a laughing, self-confident thug. The D.A. gets an anonymous letter about the suicide five years' before of a city council member. Evidence about the case leads the D.A. to Tachibana, struggling to go straight after involvement with the mob and a prison sentence for killing the man responsible for the rape and suicide of his fiancée. One of Tachibana's friends is Keiko, the daughter of the dead councilman and the ward of another powerful official. How do these stories connect?",Japan,Released,
1958,Summer Clouds,3.72,7.5,Drama,128.0,0.0,0.0,ja,TOHO,tt0051791,119779.0,鰯雲,0.8445,14,1958-09-02,"A war widow with a young boy manages a farm with her bossy mother-in-law. When a reporter comes to interview her, the two begin an affair. He turns out to be married and won't leave his wife. Her older brother tries to marry off his children and hang on to/ extend his farm through an advantageous marriage in the face of threatened land confiscation and the desire of his children to get comfortable urban jobs instead of the backbreaking work in the paddy fields under parental control.",Japan,Released,
1958,The H-Man,3.04,5.7,"Science Fiction, Horror",87.0,0.0,0.0,ja,"TOHO, Far East Laboratory",tt0051413,43113.0,美女と液体人間,0.812,40,1958-06-24,"When a narcotics deal goes sour and a suspect disappears, leaving only his clothes, Tokyo police question his wife and stake out the nightclub where she works.",Japan,Released,People are dissolving! The horror of a flowing radioactive liquid!
1959,The Human Condition I: No Greater Love,4.57,8.1,"War, Drama, History",207.0,0.0,0.0,ja,Ninjin Club,tt0053114,31217.0,人間の條件　第１部純愛篇／第２部激怒篇,1.8125,273,1959-01-15,"After handing in a report on the treatment of Chinese colonial labor, Kaji is offered the post of labor chief at a large mining operation in Manchuria, which also grants him exemption from military service. He accepts, and moves to Manchuria with his newly-wed wife Michiko, but when he tries to put his ideas of more humane treatment into practice, he finds himself at odds with scheming officials, cruel foremen, and the military police.",Japan,Released,The Immortal Story.
1959,The Human Condition II: Road to Eternity,4.48,8.2,"War, Drama, History",178.0,0.0,0.0,ja,Ninjin Club,tt0053115,34528.0,人間の條件　第３部望郷篇／第４部戦雲篇,1.4041,212,1959-11-20,"Kaji is sent to the Japanese army labeled Red and is mistreated by the vets. Along his assignment, Kaji witnesses cruelties in the army and revolts against the abusive treatment against the recruit Obara. He also sees his friend Shinjô Ittôhei defecting to the Russian border, and he ends in the front to fight a lost battle against the Russian tanks division.",Japan,Released,The second one
1959,"Gaudi, Catalunya",None,0.0,Documentary,20.0,0.0,0.0,ja,,tt30087806,618281.0,"Gaudi, Catalunya",1.2114,0,1959-01-01,"In 1959 Hiroshi Teshigahara shot the following 16 mm footage of he and his father’s first trip to Barcelona and the outlying Catalonian countryside, including a visit to the home of Salvador Dali in Port Lligat. The footage was recorded without sound.",Japan,Released,
1959,Good Morning,4.2,7.7,"Comedy, Family, Drama",94.0,0.0,0.0,ja,Shochiku,tt0053134,28276.0,お早よう,1.1713,305,1959-05-12,"A lighthearted take on director Yasujiro Ozu’s perennial theme of the challenges of inter­generational relationships, Good Morning tells the story of two young boys who stop speaking in protest after their parents refuse to buy a television set. Ozu weaves a wealth of subtle gags through a family portrait as rich as those of his dramatic films, mocking the foibles of the adult world through the eyes of his child protagonists. Shot in stunning color and set in a suburb of Tokyo where housewives gossip about the neighbors’ new washing machine and unemployed husbands look for work as door-to-door salesmen, this charming comedy refashions Ozu’s own silent classic I Was Born, But . . . to gently satirize consumerism in postwar Japan.",Japan,Released,Important things are hard to say.
1959,Lord Nobunaga's Early Days,None,6.3,,97.0,0.0,0.0,ja,Daiei Film,tt0198666,763525.0,若き日の信長,1.1413,3,1959-03-17,,Japan,Released,
1959,Battle in Outer Space,2.92,5.798,"Science Fiction, Action",90.0,0.0,0.0,ja,"TOHO, Far East Laboratory",tt0053388,62472.0,宇宙大戦争,0.9792,46,1959-12-26,"In 1965, the space station JSS-3 is destroyed by a fleet of UFOs, which then begin a global siege on Earth, using rays to manipulate gravity and control the minds of men. In response, a global council meeting is held to determine the source of the attacks and prepare a rocket ship armada for a counter-attack, a true battle in outer space. . .  The film is a sequel of sorts to Toho's THE MYSTERIANS in the reprise of the Etsuko Shiraishi character of that film as its heroine.  It was edited to 74 minutes for its American release.",Japan,Released,Will the Earth be reduced to space dust? A giant battle unfolds on the other side of the moon!
1959,Fires on the Plain,4.08,7.599,"Drama, War",105.0,0.0,0.0,ja,Daiei Film,tt0053121,31427.0,野火,0.9211,121,1959-11-03,"In the closing days of WWII, a Japanese soldier afflicted with tuberculosis is abandoned by his company and left to wander the Philippine island of Leyte.",Japan,Released,
1959,Magic Boy,3.36,7.3,"Adventure, Animation, Family",83.0,0.0,0.0,ja,Toei Animation,tt0053275,63486.0,少年猿飛佐助,0.8893,21,1959-12-25,"Magically gifted boy Sasuke lives in peace, deep in the forest with his animal pals and Oyu, his elder sister. After their forest sanctuary is violated by a demon witch who devours one of Sasuke's animal companions, he vows vengeance. Leaving the forest, he sets out to master his magical gifts, making a pilgrimage to the home of the wizard Hakuunsai. While Sasuke learns the ways of magic, the demon witch terrorizes the countryside, and Sasuke works to complete his training in time.",Japan,Released,He'd leap upon the wind and hitch a ride...
1959,Floating Weeds,4.11,7.5,Drama,115.0,0.0,0.0,ja,Daiei Film,tt0053390,46918.0,浮草,0.8858,199,1959-11-17,"When a theater troupe's master visits his old flame, he unintentionally sets off a chain of unexpected events with devastating consequences.",Japan,Released,
1959,The Three Treasures,3.29,5.308,"Fantasy, Action, Drama",182.0,0.0,3000000.0,ja,"TOHO, Far East Laboratory, Tokyo Laboratory",tt0053117,224119.0,日本誕生,0.8821,13,1959-11-01,"The legend of the birth of Shintoism. In Fourth Century Japan, the Emperor's son Ouso expects to succeed his father on the throne, but Otomo, the Emperor's vassal, prefers Ouso's stepbrother, and conspires to have Ouso die on a dangerous mission he has contrived. But Ouso prevails in the mission and returns to his father's castle under a new name, Prince Yamato Takeru. Otomo plots to have the Prince sent into even greater danger, but Otomo is unaware that the gods have favored the Prince and the outcome is far from what any of them expected.",Japan,Released,The Birth of Japan!
1960,Ayausgî G-Man - ânkoku gai no yagû,None,0.0,"Crime, Drama",67.0,0.0,0.0,ja,Toei Company,tt6586566,1119945.0,危うしGメン 暗黒街の野獣,2.8319,0,1960-03-01,,Japan,Released,
1960,Cruel Story of Youth,3.6,6.5,"Romance, Drama, Crime",97.0,0.0,0.0,ja,Shochiku,tt0054286,88527.0,青春残酷物語,2.3215,67,1960-06-03,A harsh young man seduces a freeloading young woman and eventually takes advantage of her knack for hitchhiking to rob middle-class men.,Japan,Released,
1960,The Bad Sleep Well,4.11,7.7,"Crime, Drama, Thriller",150.0,0.0,0.0,ja,"TOHO, Kurosawa Production",tt0054460,31589.0,悪い奴ほどよく眠る,1.8954,273,1960-09-19,"In this loose adaptation of ""Hamlet,"" illegitimate son Kôichi Nishi climbs to a high position within a Japanese corporation and marries the crippled daughter of company vice president Iwabuchi. At the reception, the wedding cake is a replica of their corporate headquarters, but an aspect of the design reminds the party of the hushed-up death of Nishi's father. It is then that Nishi unleashes his plan to avenge his father's death.",Japan,Released,
1960,Late Autumn,4.12,7.7,"Drama, Comedy",128.0,0.0,0.0,ja,Shochiku,tt0053579,21967.0,秋日和,1.2921,171,1960-11-13,"A woman and her daughter are each forced to contend with an increasing pressure to marry, particularly from three men who knew her late husband.",Japan,Released,
1960,The Human Vapor,3.35,6.6,"Science Fiction, Crime, Thriller",92.0,0.0,0.0,ja,"TOHO, Tokyo Laboratory",tt0053853,125266.0,ガス人間第一号,1.2022,16,1960-12-11,"A failed science experiment gives a librarian the ability to turn into a gaseous substance. He goes on to rob banks to fund his dancer girlfriend's career, killing those who interfere. Now Tokyo's most wanted criminal, can authorities stop him?",Japan,Released,Half Human! Half Beast! It Destroys! It Kills!
1960,"Daughters, Wives and a Mother",3.8,7.1,Drama,123.0,0.0,0.0,ja,TOHO,tt0054105,92959.0,娘・妻・母,1.1423,9,1960-05-21,"Sanae is left a widow after her prestigious husband dies, but holds the proceeds of a million yen insurance policy. Being childless, her former in-laws have no objection to her return to her own family.",Japan,Released,
1960,The Sun's Burial,3.56,6.4,"Drama, Crime",88.0,0.0,0.0,ja,Shochiku,tt0054366,111718.0,太陽の墓場,1.069,28,1960-08-09,"In Osaka's slum, capricious folks without futures engage in pilfering, assault and robbery, prostitution, and the trading of ID cards and blood.",Japan,Released,Will things change for the better?
1960,Yakuza sensei,None,0.0,Drama,0.0,0.0,0.0,ja,Nikkatsu Corporation,tt0358774,1635507.0,やくざ先生,1.0587,0,1960-09-21,,Japan,Released,
1960,Alakazam the Great!,3.33,5.4,"Animation, Fantasy, Adventure",88.0,0.0,0.0,ja,"Toei Animation, American International Pictures, Alta Vista Productions",tt0054265,76721.0,西遊記,1.0583,19,1960-08-14,"A monkey king who learns the secrets of magic goes on a spree and causes no end of aggravation for the gods, who finally imprison him. In order to make up for all the trouble he's caused, he is sent on a mission to accompany a prince who is the son of the gods on a journey through a land filled with dangers, monsters, cannibals and demons.",Japan,Released,Duel of the Prehistoric Beasts! Summit Meeting of the Monsters!
1960,Hero of the Red Light District,3.65,8.6,"Drama, History",109.0,0.0,0.0,ja,Toei Company,tt0187119,184244.0,妖刀物語 花の吉原百人斬り,0.9987,10,1960-09-03,"A successful textile industrialist from the provinces, who is beloved by his employees for his kindness, cannot find a wife because of a disfiguring birthmark on his face. Even the courtesans in Yoshiwara refuse to entertain him, until an indentured peasant prostitute, Tamarazu, takes the unsavoury assignment and treats him with brash tenderness.",Japan,Released,
1961,Yojimbo,4.3,8.09,"Drama, Thriller",110.0,0.0,0.0,ja,TOHO,tt0055630,11878.0,用心棒,3.2129,1637,1961-04-25,"A nameless ronin, or samurai with no master, enters a small village in feudal Japan where two rival businessmen are struggling for control of the local gambling trade. Taking the name Sanjuro Kuwabatake, the ronin convinces both silk merchant Tazaemon and sake merchant Tokuemon to hire him as a personal bodyguard, then artfully sets in motion a full-scale gang war between the two ambitious and unscrupulous men.",Japan,Released,Kill one or a hundred... you only hang once
1961,Mothra,3.51,7.135,"Adventure, Science Fiction, Fantasy",101.0,0.0,2237760.0,ja,"TOHO, Far East Laboratory",tt0055198,39410.0,モスラ,1.341,178,1961-07-30,"Shipwreck survivors found on the presumably uninhabited Infant Island leads to a scientific expedition that discovers a surviving native population along with the Shobijin, tiny twin fairy priestesses of the island's mythical deity called Mothra. After the fairies are kidnapped by an exploitative businessman named Clark Nelson, Mothra sets out to rescue them.",Japan,Released,Mightiest monster in all creation! Ravaging a universe for love!
1961,Miyamoto Musashi,3.33,7.3,"History, Action, Drama",110.0,0.0,0.0,ja,Toei Company,tt0055188,154764.0,宮本武蔵,1.1467,11,1961-05-27,"In this first episode, we are introduced to Takezo, what Musashi used to be before he became the man of legend. His beginning are not exactly auspicious. He sides with the Toyotomi at Sekigahara, and as a result finds himself on the losing side of the historic battle. He and his friend Matahachi manage to escape the slaughter although the latter is wounded in his leg. They stumble across the young Akemi who makes her living with her mother Oko by robbing corpses of their armor and anything else they can sell. Oko takes it into her head to seduce Matahachi, which she does first by skillfully sucking the gangrene from his blood, and then just by sucking.",Japan,Released,
1961,The Human Condition III: A Soldier's Prayer,4.64,8.4,"War, Drama, History",190.0,0.0,0.0,ja,Ninjin Club,tt0055233,34530.0,人間の條件　完結篇,1.0748,203,1961-01-28,"After the Japanese defeat to the Russians, Kaji leads the last remaining men through Manchuria. Intent on returning to his dear wife and his old life, Kaji faces great odds in a variety of different harrowing circumstances as he and his fellow men sneak behind enemy lines.",Japan,Released,Love is the Condition for Being Human.
1961,The End of Summer,3.97,7.481,Drama,103.0,0.0,0.0,ja,Takarazuka Eiga Company Ltd.,tt0055052,28273.0,小早川家の秋,0.9433,106,1961-10-29,The family of an older man who runs a small sake brewery become concerned with his finances and his health after they discover him visiting an old mistress from his youth.,Japan,Released,
1961,Wakarete ikiru toki mo,None,0.0,Drama,140.0,0.0,0.0,ja,"Takarazuka Eiga Company Ltd., TOHO",tt0055611,1224074.0,別れて生きるときも,0.8877,0,1961-04-04,A Hiromichi Horikawa movie,Japan,Released,
1961,The Last War,3.4,6.2,"Drama, Science Fiction",110.0,0.0,0.0,ja,"TOHO, Far East Laboratory",tt0055428,79551.0,世界大戦争,0.8565,10,1961-10-08,A Japanese family is torn apart by the tensions of an avoidable nuclear world war between the superpowers.,Japan,Released,Learn what will happen if another global war breaks out!
1961,Standing Towards the Great Forest,None,0.0,Drama,84.0,0.0,0.0,ja,Nikkatsu Corporation,,970171.0,大森林に向って立つ,0.8322,0,1961-09-23,Strife between competing lumber mills.,Japan,Released,
1961,A Lustful Man,None,5.375,"Comedy, Drama",92.0,0.0,0.0,ja,Daiei Film,tt0210143,84852.0,好色一代男,0.8264,8,1961-03-21,"Fascinated with women from an early age, Yonosuke had his first sexual encounter at the age of seven. From that day on, he recklessly and forwardly pursues women, feeding his fascination and experience. As Yonosuke's salacious behavior brings much cause for shame to the family, his father eventually breaks relations with him. Expelled from the family, 19-year-old Yonosuke embarks on a pilgrimage of lust, traveling far and wide to acquaint himself with women of all walks.",Japan,Released,
1961,The Orphan Brother,None,6.0,"History, Animation, Family, Fantasy, Adventure",83.0,0.0,0.0,ja,Toei Animation,tt0054631,109715.0,安寿と厨子王丸,0.8184,10,1961-07-19,"After their father quarrels with local military men, Anju and Zushio are forced to flee, but they are captured and sold into slavery. When their mother dies, they are sold to Sansho the Bailiff, a cruel man who subjects them to hideous torments. While Anju falls into a lake and is transformed into a swan, Zushio escapes and after being adopted to a nobleman grows to a young man. He will then fight to defeat the evil Dayu and free all the slaves.",Japan,Released,
1962,Harakiri,4.69,8.439,"Action, Drama, History",135.0,0.0,0.0,ja,Shochiku,tt0056058,14537.0,切腹,4.0864,1165,1962-09-15,"Down-on-his-luck veteran Tsugumo Hanshirō enters the courtyard of the prosperous House of Iyi. Unemployed, and with no family, he hopes to find a place to commit seppuku—and a worthy second to deliver the coup de grâce in his suicide ritual. The senior counselor for the Iyi clan questions the ronin’s resolve and integrity, suspecting Hanshirō of seeking charity rather than an honorable end. What follows is a pair of interlocking stories which lay bare the difference between honor and respect, and promises to examine the legendary foundations of the Samurai code.",Japan,Released,"What befalls others today, may be your own fate tomorrow."
1962,B.G. monogatari: Ekinyūmon,None,0.0,,79.0,0.0,0.0,ja,Daiei Film,tt9021132,1125927.0,B・G物語 易入門,3.2923,0,1962-04-29,1962 Japanese movie,Japan,Released,
1962,T-shi no gogo,None,0.0,,25.0,0.0,0.0,ja,Obayashi Productions,tt15826144,960834.0,T氏の午後,3.0693,0,1962-01-01,An Obayashi film made with Takabayashi Yoichi.,Japan,Released,
1962,G-Men in the Pacific,None,6.0,Crime,86.0,0.0,0.0,ja,Toei Company,tt0142891,457234.0,太平洋のGメン,2.6973,2,1962-04-22,G-men challenge a jewelry smuggling ring. The chase starts in Kyushu and continues to Kobe to Yokohama.,Japan,Released,
1962,King Kong vs. Godzilla,3.06,6.891,"Science Fiction, Comedy, Adventure, Fantasy, Action",97.0,0.0,12550000.0,ja,"TOHO, Tokyo Laboratory",tt13364334,1680.0,キングコング対ゴジラ,2.3455,334,1962-08-11,"The advertising director of Pacific Pharmaceuticals, frustrated with the low ratings of their sponsored TV program, seeks a more sensationalist approach. He orders his staff to Faro Island to capture King Kong for exploitation. As Godzilla re-emerges, a media frenzy generates with Pacific looking to capitalize off of the ultimate battle.",Japan,Released,"Will you win, Godzilla? Will you win, Kong? The battle of the century!"
1962,The Tale of Zatoichi,3.87,7.271,"Adventure, Action, Drama",96.0,0.0,0.0,ja,Daiei Film,tt0056714,16692.0,座頭市物語,2.093,146,1962-04-18,"The adventures of a blind, gambling masseur and master swordsman. Zatoichi targets a yakuza-controlled village, because war with a neighbouring town's smaller gang is brewing.",Japan,Released,
1962,MALE,None,5.4,Animation,3.0,0.0,0.0,ja,Mushi Production,tt1986925,85794.0,おす,1.6125,8,1962-11-05,"A man is sitting in a dark room, looking anxious, while his tomcat explains the man why he needs some privacy.",Japan,Released,
1962,Sanjuro,4.15,7.958,"Drama, Action, Comedy",96.0,0.0,0.0,ja,TOHO,tt0056443,11712.0,椿三十郎,1.528,701,1962-01-01,"Toshiro Mifune swaggers and snarls to brilliant comic effect in Kurosawa's tightly paced, beautifully composed ""Sanjuro."" In this companion piece and sequel to ""Yojimbo,"" jaded samurai Sanjuro helps an idealistic group of young warriors weed out their clan's evil influences, and in the process turns their image of a proper samurai on its ear.",Japan,Released,"You cut well, but the best sword stays in its sheath!"
1962,An Autumn Afternoon,4.23,7.862,Drama,113.0,0.0,0.0,ja,"Shochiku, Shochiku Ofuna Film Studio",tt0056444,50759.0,秋刀魚の味,1.1684,313,1962-11-18,"Shuhei Hirayama is a widower with a 24-year-old daughter. Gradually, he comes to realize that she should not be obliged to look after him for the rest of his life, so he arranges a marriage for her.",Japan,Released,
1962,Chûshingura,None,7.2,"History, Drama, Action",207.0,0.0,0.0,ja,TOHO,tt0055850,44662.0,忠臣蔵 花の巻・雪の巻,1.049,44,1962-11-03,"After their lord is tricked into committing ritual suicide, forty-seven samurai warriors await the chance to avenge their master and reclaim their honor.",Japan,Released,Japan's Supreme Screen Classic
1963,High and Low,4.6,8.345,"Drama, Crime",142.0,250000.0,0.0,ja,"TOHO, Kurosawa Production",tt0057565,12493.0,天国と地獄,3.2984,1083,1963-03-01,A Yokohama shoe executive faces a wrenching choice when kidnappers mistakenly seize his chauffeur’s son but demand the ransom anyway.,Japan,Released,"Stark, intense drama almost beyond belief!"
1963,13 Assassins,3.9,7.4,"Adventure, Drama, Action",125.0,0.0,0.0,ja,Toei Company,tt0057212,52011.0,十三人の刺客,1.2236,40,1963-12-07,"A sadistic Daimyo (feudal lord) rapes a woman and murders both her and her husband, but even when one of his own vassals commits suicide to bring attention to the crime, the matter is quickly hushed up. Not only will there be no punishment, but because the Daimyo is the Shogun's younger brother, he will soon be appointed to a high political position from which he could wreak even more havoc. Convinced that the fate of the Shogunate hangs in the balance, a plot is hatched to assassinate the Daimyo. The two most brilliant strategic minds of their generation find themselves pitted against each other; one is tasked to defend a man he despises, and has a small army at his disposal. The other is given a suicide mission, and has 12 brave men. They are the 13 Assassins.",Japan,Released,A group of assassins come together for a suicide mission to kill an evil lord.
1963,Matango,3.38,6.694,"Horror, Science Fiction, Thriller, Drama, Mystery, Fantasy",89.0,0.0,0.0,ja,"TOHO, Tokyo Laboratory",tt0057295,52302.0,マタンゴ,1.105,103,1963-08-11,Five vacationers and two crewmen become stranded on a tropical island near the equator. The island has little edible food for them to use as they try to live in a fungus covered hulk while repairing Kessei's yacht. Eventually they struggle over the food rations which were left behind by the former crew. Soon they discover something unfriendly there...,Japan,Released,Can you survive the madness and terror of Matango?
1963,The Insect Woman,3.87,7.2,Drama,123.0,0.0,0.0,ja,Nikkatsu Corporation,tt0057363,42984.0,にっぽん昆虫記,1.0772,73,1963-11-16,"A woman, Tome, is born to a lower class family in Japan in 1918. The title refers to an insect, repeating its mistakes, as in an infinite circle. Imamura, with this metaphor, introduces the life of Tome, who keeps trying to change her poor life.",Japan,Released,She lives by instinct with no sense of right or wrong.
1963,Attack Squadron,None,6.0,"Action, Drama, War",101.0,0.0,0.0,ja,TOHO,tt0142892,72068.0,太平洋の翼,1.0236,2,1963-01-03,"Lt. Col. Senda resists the idea of sending Japanese fighter pilots on suicide missions. He believes that what is really necessary for Japan to regain momentum in the war is for the air force to gather its most brilliant pilots into an elite squadron and use the unit to pinpoint attacks on the Americans. Disrespected by the kamikaze pilots who think the ""non-suicidal"" pilots are afraid, the unit redeems itself by stunning victories. But success leads the military leaders to expect too much of the unit, and new orders portend disaster.",Japan,Released,A dramatic story of the last days of the Imperial Japanese Air Force
1963,Youth of the Beast,3.78,6.9,"Thriller, Crime, Action, Mystery",92.0,0.0,0.0,ja,Nikkatsu Corporation,tt0057697,37939.0,野獣の青春,0.9317,85,1963-04-21,"When a mysterious stranger muscles into two rival yakuza gangs, Tokyo's underworld explodes with violence.",Japan,Released,
1963,Alone Across the Pacific,3.54,6.9,Adventure,97.0,0.0,0.0,ja,"Ishihara Productions, Nikkatsu Corporation",tt0057553,58504.0,太平洋ひとりぼっち,0.9309,12,1963-10-27,"Kenichi Horie is determined to challenge his family, the law and the nature crossing the Pacific to America in a small sailboat. Despite his careful planning, many unforeseen events will test his determination.",Japan,Released,
1963,Shinobi no Mono 2: Vengeance,3.54,6.8,Action,93.0,0.0,0.0,ja,Daiei Film,tt0200310,48707.0,続・忍びの者,0.9005,12,1963-08-06,"[Period covered: 1582-1594]. As the film opens, the warlod Nobunaga Oda rides to Iga Ayanokuni shrine. He is asked if he thinks he has destroyed all the ninja who opposed him and answers that he suspects that there may be more. A servant brings water and tests it first. The paige dies and we hear gunshots as two ninja flee the scene. His suspicions confirmed, Nobunaga oversees the execution of captured ninja and decides that, in the future, he needs a much crueler method of execution. The daimyo Hideyoshi comes to visit.",Japan,Released,
1963,An Actor's Revenge,3.84,6.638,Drama,114.0,0.0,0.0,ja,Daiei Film,tt0057710,27197.0,雪之丞変化,0.8689,69,1963-01-13,"In Edo Japan, a kabuki actor seeks revenge against the three men who drove his parents to their deaths years ago.",Japan,Released,
1963,Zatoichi on the Road,3.5,6.9,"Adventure, Action, Drama, History",87.0,0.0,0.0,ja,Daiei Film,tt0057714,18624.0,座頭市喧嘩旅,0.848,59,1963-11-30,Zatoichi is sworn to protect the life of a young girl and without any real allies finds himself in the middle of a bloody turf war.,Japan,Released,
1964,Mothra vs. Godzilla,3.46,7.021,"Drama, Action, Science Fiction",89.0,0.0,10000000.0,ja,TOHO,tt0058379,1682.0,モスラ対ゴジラ,1.9227,326,1964-04-29,"Journalists Ichiro Sakai and Junko cover the wreckage of a typhoon when an enormous egg is found and claimed by greedy entrepreneurs. Mothra's fairies arrive and are aided by the journalists in a plea for its return. As their requests are denied, Godzilla arises near Nagoya and the people of Infant Island must decide if they are willing to answer Japan's own pleas for help.",Japan,Released,"A massive Mach 3 moth! The heavy missile tank Godzilla! The sky, sea, and land quake in the fierce battle of the century!"
1964,Onibaba,4.08,7.669,Horror,105.0,0.0,0.0,ja,Kindai Eiga Kyokai,tt0058430,3763.0,鬼婆,1.8082,464,1964-11-21,"While her son, Kichi, is away at war, a woman and her daughter-in-law survive by killing samurai who stray into their swamp, then selling whatever valuables they find. Both are devastated when they learn that Kichi has died, but his wife soon begins an affair with a neighbor who survived the war, Hachi. The mother disapproves and, when she can't steal Hachi for herself, tries to scare her daughter-in-law with a mysterious mask from a dead samurai.",Japan,Released,The most daring film import ever...From Japan!
1964,Woman in the Dunes,4.47,8.209,"Drama, Thriller",147.0,0.0,0.0,ja,"Teshigahara Productions, TOHO",tt0058625,16672.0,砂の女,1.7097,504,1964-02-15,A vacationing entomologist suffers extreme physical and psychological trauma after being taken captive by the residents of a poor seaside village and made to live with a woman whose life task is shoveling sand for them.,Japan,Released,Haunting. Erotic. Unforgettable.
1964,Gate of Flesh,3.8,6.575,"Drama, Crime",90.0,0.0,0.0,ja,Nikkatsu Corporation,tt0058409,86666.0,肉体の門,1.6902,67,1964-05-31,"In the shady black markets and bombed-out hovels of post–World War II Tokyo, a tough band of prostitutes eke out a dog-eat-dog existence, maintaining tenuous friendships and a semblance of order in a world of chaos. But when a renegade ex-soldier stumbles into their midst, lusts and loyalties clash, with tragic results. With Gate of Flesh, visionary director Seijun Suzuki delivers a whirlwind of social critique and pulp drama, shot through with brilliant colors and raw emotions.",Japan,Released,
1964,Pale Flower,4.03,7.336,"Crime, Romance",96.0,0.0,0.0,ja,"Ninjin Club, Bungei Production Ninjin Club, Shochiku",tt0056327,61475.0,乾いた花,1.4718,113,1964-03-01,"A gangster gets released from prison and has to cope with the recent shifts of power between the gangs, while taking care of a thrill-seeking young woman, who got in bad company while gambling.",Japan,Released,
1964,"Ghidorah, the Three-Headed Monster",3.39,6.959,"Science Fiction, Action, Fantasy, Thriller",92.0,0.0,3237880.0,ja,"TOHO, Tokyo Laboratory",tt0058544,15766.0,三大怪獣　地球最大の決戦,1.4435,278,1964-12-20,"After a meteorite unleashes a three-headed beast upon Tokyo, Mothra tries to unite with Godzilla and Rodan to battle the extraterrestrial threat.",Japan,Released,Space Super Monster King Ghidorah attacks the Earth!
1964,Ako,3.66,6.8,,0.0,0.0,0.0,ja,,,,白い朝,1.3918,21,1964-08-31,"A day in the life of Ako, a 16-year-old Japanese girl, and her friends and co-workers. An alarm clock wakes her in a dorm; she gets ready for work and travels to a large bakery. We see her with friends, chatting and laughing, as well as working. They go out, seven of them jammed in an old Pontiac: bowling, then to an amusement park, then driving around. Car trouble may put her at risk. Is she going to be okay? One of four film sketches on the problems of adolescents facing the adult world in the 1960s included in the anthology film That Tender Age (La fleur de l'âge, ou Les adolescentes). The three other sketches were directed by Michel Brault, Jean Rouch, and Gian Vittorio Baldi.",,,
1964,Three Outlaw Samurai,3.92,7.4,,0.0,0.0,0.0,ja,,,,三匹の侍,1.1389,108,1964-05-13,"Shiba, a wandering ronin, encounters a band of peasants who have kidnapped the daughter of their dictatorial magistrate, in hopes of coercing from him a reduction in taxes. Shiba takes up their fight, joined by two renegades from the magistrate's guard, Sakura and Kikyo. The three outlaws find themselves in a battle to the death.",,,
1964,Assassination,2.5,7.079,,0.0,0.0,0.0,ja,,,,暗殺,0.9301,38,1964-07-04,"In 1863, when American warships approach Japan, an enigmatic ronin becomes an important figure in a complex game of power between the Shogunate and the empire.",,,
1964,Zatoichi and the Chest of Gold,3.76,6.9,,0.0,0.0,0.0,ja,,,,座頭市千両首,0.882,55,1964-03-14,"Ichi travels to the village of Itakura to pay his respects at the grave of Kichizo, a man he killed two years ago. When some tax money is stolen while in transit to the governor he is accused and sets out to find the money and clear his name.",,,
